Class,Sample_num
Unconsolidated Barren,1
Unconsolidated Barren,2
"Consolidated Barren (rocks, salt pans)",3
Annual Crops (e.g wheat),4
Annual Crops (e.g wheat),5
Annual Crops (e.g wheat),6
Annual Crops (e.g wheat),7
Annual Crops (e.g wheat),8
"Consolidated Barren (rocks, salt pans)",10
Unconsolidated Barren,11
Annual Crops (e.g wheat),12
Annual Crops (e.g wheat),13
Shrubs,14
Unconsolidated Barren,17
Shrubs,18
Mixed or Not Classified,19
Shrubs,22
Shrubs,23
Shrubs,24
"Consolidated Barren (rocks, salt pans)",25
Unconsolidated Barren,26
Unconsolidated Barren,27
"Consolidated Barren (rocks, salt pans)",28
Shrubs,29
Shrubs,30
Natural Grassland,31
Shrubs,32
Shrubs,33
Shrubs,34
Shrubs,35
Shrubs,40
Shrubs,41
Shrubs,42
Shrubs,43
Shrubs,44
Natural Wooded Land,45
Natural Wooded Land,46
Unconsolidated Barren,47
Shrubs,48
Unconsolidated Barren,49
Mixed or Not Classified,51
Shrubs,60
Shrubs,65
Shrubs,67
Unconsolidated Barren,78
"Consolidated Barren (rocks, salt pans)",82
Shrubs,85
Natural Wooded Land,97
Shrubs,104
Shrubs,107
Shrubs,113
Shrubs,116
Shrubs,118
Shrubs,120
Shrubs,134
Mixed or Not Classified,135
Shrubs,138
Shrubs,141
Mixed or Not Classified,160
Mixed or Not Classified,179
Natural Wooded Land,181
Shrubs,185
Shrubs,197
Natural Wooded Land,199
Shrubs,210
Unconsolidated Barren,213
Mixed or Not Classified,219
Shrubs,232
Shrubs,255
Shrubs,257
Natural Grassland,263
Shrubs,264
Shrubs,265
Annual Crops (e.g wheat),266
Annual Crops (e.g wheat),267
Shrubs,272
Shrubs,273
Shrubs,274
Shrubs,275
Shrubs,276
Shrubs,277
"Permanent Crops (e.g., vineyard)",278
"Permanent Crops (e.g., vineyard)",279
Shrubs,280
Shrubs,281
Shrubs,282
Unconsolidated Barren,283
Shrubs,287
Shrubs,288
Shrubs,294
Shrubs,316
Shrubs,321
"Consolidated Barren (rocks, salt pans)",346
"Consolidated Barren (rocks, salt pans)",349
"Consolidated Barren (rocks, salt pans)",351
"Consolidated Barren (rocks, salt pans)",371
Shrubs,392
Natural Wooded Land,403
"Consolidated Barren (rocks, salt pans)",440
Shrubs,441
Shrubs,491
Mixed or Not Classified,560
Shrubs,568
"Consolidated Barren (rocks, salt pans)",573
"Consolidated Barren (rocks, salt pans)",590
Shrubs,656
Mixed or Not Classified,691
Shrubs,706
"Consolidated Barren (rocks, salt pans)",738
Shrubs,759
Shrubs,762
"Consolidated Barren (rocks, salt pans)",765
"Consolidated Barren (rocks, salt pans)",798
"Consolidated Barren (rocks, salt pans)",819
Shrubs,880
Shrubs,953
Shrubs,993
Mixed or Not Classified,1029
Shrubs,1034
Shrubs,1054
Shrubs,1055
Shrubs,1056
Unconsolidated Barren,1065
Shrubs,1088
Shrubs,1089
Shrubs,1090
Shrubs,1091
Annual Crops (e.g wheat),1092
Annual Crops (e.g wheat),1134
Mixed or Not Classified,1147
Shrubs,1148
Unconsolidated Barren,1149
Natural Wooded Land,1162
Mixed or Not Classified,1169
Unconsolidated Barren,1180
Annual Crops (e.g wheat),1181
Shrubs,1184
Annual Crops (e.g wheat),1224
Natural Grassland,1229
Mixed or Not Classified,1238
Natural Grassland,1248
Natural Grassland,1249
Annual Crops (e.g wheat),1250
Natural Grassland,1251
Shrubs,1253
Natural Wooded Land,1254
Natural Grassland,1255
Shrubs,1256
Shrubs,1257
Mixed or Not Classified,1258
Natural Wooded Land,1259
Shrubs,1260
Shrubs,1261
Mixed or Not Classified,1262
Natural Grassland,1272
Shrubs,1273
Shrubs,1274
Natural Wooded Land,1276
Unconsolidated Barren,1278
Natural Wooded Land,1291
Shrubs,1292
Mixed or Not Classified,1293
Unconsolidated Barren,1294
Mixed or Not Classified,1295
Shrubs,1297
Natural Grassland,1302
Built-up,1309
Built-up,1310
Built-up,1311
Built-up,1312
Annual Crops (e.g wheat),1314
Natural Grassland,1357
Annual Crops (e.g wheat),1411
Annual Crops (e.g wheat),1429
Annual Crops (e.g wheat),1470
Shrubs,1479
Shrubs,1480
Shrubs,1481
Natural Wooded Land,1482
Natural Wooded Land,1483
Built-up,1487
Built-up,1488
Annual Crops (e.g wheat),1507
Annual Crops (e.g wheat),1538
Annual Crops (e.g wheat),1585
Annual Crops (e.g wheat),1588
Annual Crops (e.g wheat),1596
Annual Crops (e.g wheat),1604
Annual Crops (e.g wheat),1619
Annual Crops (e.g wheat),1629
Annual Crops (e.g wheat),1645
Annual Crops (e.g wheat),1733
Built-up,1745
Built-up,1746
Natural Wooded Land,1799
"Consolidated Barren (rocks, salt pans)",1801
Annual Crops (e.g wheat),1834
Natural Grassland,1840
Natural Grassland,1841
Shrubs,1842
Natural Grassland,1843
Mixed or Not Classified,1847
Natural Wooded Land,1851
"Consolidated Barren (rocks, salt pans)",1852
"Consolidated Barren (rocks, salt pans)",1853
Shrubs,1894
Annual Crops (e.g wheat),1903
Mixed or Not Classified,1916
Shrubs,1919
Shrubs,1922
"Consolidated Barren (rocks, salt pans)",1937
"Consolidated Barren (rocks, salt pans)",1953
"Consolidated Barren (rocks, salt pans)",1960
Shrubs,1969
Shrubs,1970
Mixed or Not Classified,1971
Shrubs,1976
Shrubs,1978
Shrubs,1982
Shrubs,1991
Natural Wooded Land,2013
Natural Wooded Land,2021
Shrubs,2024
Shrubs,2025
Shrubs,2026
Mixed or Not Classified,2027
Mixed or Not Classified,2028
Annual Crops (e.g wheat),2029
Annual Crops (e.g wheat),2030
Annual Crops (e.g wheat),2034
Annual Crops (e.g wheat),2038
Annual Crops (e.g wheat),2043
Annual Crops (e.g wheat),2046
"Consolidated Barren (rocks, salt pans)",2047
"Consolidated Barren (rocks, salt pans)",2048
"Consolidated Barren (rocks, salt pans)",2051
Mixed or Not Classified,2055
Natural Grassland,2064
"Consolidated Barren (rocks, salt pans)",2067
"Consolidated Barren (rocks, salt pans)",2068
"Consolidated Barren (rocks, salt pans)",2069
"Consolidated Barren (rocks, salt pans)",2070
Annual Crops (e.g wheat),2072
Mixed or Not Classified,2090
Shrubs,2091
Annual Crops (e.g wheat),2094
Natural Wooded Land,2099
Natural Wooded Land,2100
Annual Crops (e.g wheat),2105
Annual Crops (e.g wheat),2107
Mixed or Not Classified,2109
Annual Crops (e.g wheat),2110
Mixed or Not Classified,2111
Annual Crops (e.g wheat),2112
Annual Crops (e.g wheat),2113
Annual Crops (e.g wheat),2114
Mixed or Not Classified,2116
Mixed or Not Classified,2119
Natural Grassland,2154
Natural Wooded Land,2168
Annual Crops (e.g wheat),2183
Annual Crops (e.g wheat),2184
Natural Wooded Land,2185
Natural Grassland,2186
Natural Wooded Land,2187
Natural Wooded Land,2191
Natural Wooded Land,2192
Annual Crops (e.g wheat),2204
Natural Wooded Land,2208
Waterbodies,2222
Waterbodies,2226
Waterbodies,2238
Waterbodies,2240
Waterbodies,2241
Waterbodies,2248
Waterbodies,2252
Waterbodies,2257
Waterbodies,2260
Waterbodies,2267
Waterbodies,2269
Waterbodies,2275
Waterbodies,2277
Waterbodies,2279
Waterbodies,2285
Waterbodies,2289
Waterbodies,2291
Waterbodies,2292
Waterbodies,2294
Waterbodies,2295
Waterbodies,2301
Waterbodies,2304
Waterbodies,2307
Waterbodies,2312
Waterbodies,2319
Waterbodies,2331
Waterbodies,2335
Waterbodies,2340
Waterbodies,2343
Waterbodies,2344
Unconsolidated Barren,2348
Unconsolidated Barren,2349
Unconsolidated Barren,2350
Shrubs,2351
Unconsolidated Barren,2352
Unconsolidated Barren,2353
Shrubs,2359
Mixed or Not Classified,2360
"Consolidated Barren (rocks, salt pans)",2373
"Consolidated Barren (rocks, salt pans)",2375
"Consolidated Barren (rocks, salt pans)",2378
"Consolidated Barren (rocks, salt pans)",2389
"Consolidated Barren (rocks, salt pans)",2392
Annual Crops (e.g wheat),2402
Annual Crops (e.g wheat),2407
Shrubs,2411
Mixed or Not Classified,2430
Shrubs,2437
Natural Wooded Land,2456
Natural Wooded Land,2468
Wetlands,2474
Shrubs,2475
Shrubs,2511
Mixed or Not Classified,2515
Shrubs,2520
Natural Wooded Land,2521
Shrubs,2535
Natural Wooded Land,2554
Shrubs,2556
Shrubs,2585
Shrubs,2605
Natural Wooded Land,2612
Shrubs,2620
Natural Wooded Land,2625
Shrubs,2641
Shrubs,2662
Shrubs,2663
Natural Wooded Land,2668
Shrubs,2683
Shrubs,2705
Shrubs,2707
Shrubs,2727
Shrubs,2745
Shrubs,2751
Shrubs,2753
Mixed or Not Classified,2783
Waterbodies,2789
Waterbodies,2794
Mixed or Not Classified,2799
Annual Crops (e.g wheat),2826
Annual Crops (e.g wheat),2827
"Permanent Crops (e.g., vineyard)",2828
Mixed or Not Classified,2841
Mixed or Not Classified,2842
Mixed or Not Classified,2843
Natural Wooded Land,2844
Natural Wooded Land,2845
Natural Wooded Land,2846
Natural Wooded Land,2847
Natural Grassland,2848
Natural Wooded Land,2849
Mixed or Not Classified,2850
Mixed or Not Classified,2851
Natural Grassland,2852
Planted Forest,2853
Mixed or Not Classified,2854
Annual Crops (e.g wheat),2855
Annual Crops (e.g wheat),2856
Annual Crops (e.g wheat),2872
Annual Crops (e.g wheat),2885
Annual Crops (e.g wheat),2937
Annual Crops (e.g wheat),2950
Annual Crops (e.g wheat),2980
Annual Crops (e.g wheat),3044
Annual Crops (e.g wheat),3078
Annual Crops (e.g wheat),3120
Annual Crops (e.g wheat),3187
Annual Crops (e.g wheat),3205
Annual Crops (e.g wheat),3248
Annual Crops (e.g wheat),3289
Annual Crops (e.g wheat),3294
Annual Crops (e.g wheat),3305
Annual Crops (e.g wheat),3331
Natural Grassland,3354
Annual Crops (e.g wheat),3363
Annual Crops (e.g wheat),3398
Annual Crops (e.g wheat),3399
Shrubs,3400
Shrubs,3401
Shrubs,3402
Shrubs,3403
Shrubs,3404
Shrubs,3405
Shrubs,3406
Shrubs,3407
Shrubs,3412
Shrubs,3413
Shrubs,3414
Shrubs,3415
Shrubs,3416
Shrubs,3420
Natural Wooded Land,3421
Shrubs,3422
Shrubs,3433
Shrubs,3434
Natural Grassland,3435
Annual Crops (e.g wheat),3436
Natural Grassland,3437
Mixed or Not Classified,3439
Built-up,3467
Built-up,3468
Natural Wooded Land,3471
Shrubs,3472
Shrubs,3477
Shrubs,3478
Natural Wooded Land,3479
Shrubs,3480
Shrubs,3481
Natural Grassland,3482
Shrubs,3483
Shrubs,3484
Shrubs,3485
Mixed or Not Classified,3486
Mixed or Not Classified,3487
Built-up,3490
Annual Crops (e.g wheat),3504
Annual Crops (e.g wheat),3516
Shrubs,3543
Mixed or Not Classified,3558
Shrubs,3559
Mixed or Not Classified,3560
Natural Grassland,3561
Shrubs,3562
Shrubs,3564
Natural Grassland,3565
Natural Grassland,3566
Natural Wooded Land,3574
Mixed or Not Classified,3575
Shrubs,3592
Shrubs,3608
Shrubs,3613
"Consolidated Barren (rocks, salt pans)",3632
Shrubs,3635
Natural Wooded Land,3642
Natural Grassland,3662
Shrubs,3665
Mixed or Not Classified,3670
Mixed or Not Classified,3699
Mixed or Not Classified,3700
Mixed or Not Classified,3701
Mixed or Not Classified,3702
Shrubs,3703
Shrubs,3704
Shrubs,3705
Unconsolidated Barren,3706
"Permanent Crops (e.g., vineyard)",3707
"Permanent Crops (e.g., vineyard)",3708
Annual Crops (e.g wheat),3734
Mixed or Not Classified,3738
Annual Crops (e.g wheat),3739
Annual Crops (e.g wheat),3740
Mixed or Not Classified,3759
Annual Crops (e.g wheat),3761
Annual Crops (e.g wheat),3766
Unconsolidated Barren,3768
Mixed or Not Classified,3769
Shrubs,3774
Shrubs,3775
Shrubs,3776
Shrubs,3777
Shrubs,3778
Annual Crops (e.g wheat),3786
Annual Crops (e.g wheat),3795
Annual Crops (e.g wheat),3796
Annual Crops (e.g wheat),3797
Annual Crops (e.g wheat),3798
Annual Crops (e.g wheat),3799
Mixed or Not Classified,3800
Built-up,3801
Built-up,3802
Annual Crops (e.g wheat),3816
Mixed or Not Classified,3824
Shrubs,3825
Shrubs,3826
Shrubs,3829
Natural Wooded Land,3830
Annual Crops (e.g wheat),3831
Annual Crops (e.g wheat),3832
Annual Crops (e.g wheat),3833
Mixed or Not Classified,3835
Shrubs,3851
Shrubs,3869
Shrubs,3882
Shrubs,3883
Shrubs,3884
Annual Crops (e.g wheat),3889
Annual Crops (e.g wheat),3907
Annual Crops (e.g wheat),3951
Annual Crops (e.g wheat),3960
Shrubs,3976
Shrubs,3977
Shrubs,3978
Shrubs,3979
Shrubs,3980
Shrubs,3981
Annual Crops (e.g wheat),3982
"Permanent Crops (e.g., vineyard)",3983
Natural Grassland,3991
Annual Crops (e.g wheat),3992
Shrubs,3994
Annual Crops (e.g wheat),4003
Shrubs,4008
Annual Crops (e.g wheat),4009
Shrubs,4010
Shrubs,4011
Shrubs,4012
Shrubs,4014
Natural Wooded Land,4015
Shrubs,4016
Shrubs,4017
Shrubs,4018
Shrubs,4020
Shrubs,4023
Natural Wooded Land,4024
Natural Wooded Land,4025
Annual Crops (e.g wheat),4026
Shrubs,4027
Natural Wooded Land,4064
Shrubs,4071
Mixed or Not Classified,4079
Shrubs,4112
Mixed or Not Classified,4116
Natural Wooded Land,4151
Shrubs,4161
Natural Wooded Land,4168
Shrubs,4170
Shrubs,4173
Shrubs,4179
Shrubs,4196
Shrubs,4221
Shrubs,4234
Shrubs,4244
Shrubs,4283
Shrubs,4288
Shrubs,4294
Shrubs,4299
Shrubs,4314
Mixed or Not Classified,4316
Shrubs,4332
Shrubs,4333
Shrubs,4378
Shrubs,4403
Mixed or Not Classified,4413
Shrubs,4435
Shrubs,4450
Shrubs,4452
Shrubs,4469
Shrubs,4472
Mixed or Not Classified,4477
Shrubs,4481
Natural Wooded Land,4490
Shrubs,4505
Shrubs,4526
Shrubs,4537
Shrubs,4545
"Consolidated Barren (rocks, salt pans)",4556
Natural Wooded Land,4579
Shrubs,4588
Shrubs,4604
Mixed or Not Classified,4605
Shrubs,4610
Mixed or Not Classified,4611
Mixed or Not Classified,4629
Shrubs,4661
Shrubs,4681
"Consolidated Barren (rocks, salt pans)",4698
Shrubs,4719
Natural Grassland,4725
Natural Wooded Land,4726
Natural Wooded Land,4727
Natural Grassland,4728
Natural Grassland,4731
Annual Crops (e.g wheat),4732
Shrubs,4733
Annual Crops (e.g wheat),4734
Annual Crops (e.g wheat),4739
Shrubs,4753
Shrubs,4758
Shrubs,4761
Shrubs,4767
Shrubs,4777
Shrubs,4802
Shrubs,4804
Natural Wooded Land,4812
Natural Wooded Land,4821
Natural Grassland,4822
Natural Wooded Land,4823
Shrubs,4836
Annual Crops (e.g wheat),4840
Natural Grassland,4851
Annual Crops (e.g wheat),4854
"Permanent Crops (e.g., vineyard)",4855
"Permanent Crops (e.g., vineyard)",4856
"Consolidated Barren (rocks, salt pans)",4859
Mixed or Not Classified,4860
Shrubs,4875
Shrubs,4876
Shrubs,4877
Natural Wooded Land,4878
Shrubs,4879
Shrubs,4880
Natural Wooded Land,4882
Shrubs,4883
Shrubs,4884
Annual Crops (e.g wheat),4885
Annual Crops (e.g wheat),4890
Annual Crops (e.g wheat),4901
Mixed or Not Classified,4902
Mixed or Not Classified,4903
Shrubs,4906
Shrubs,4907
Annual Crops (e.g wheat),4908
Shrubs,4909
Shrubs,4910
Shrubs,4911
Annual Crops (e.g wheat),4931
Built-up,4934
Built-up,4935
Built-up,4936
Built-up,4937
Built-up,4938
Built-up,4939
Natural Wooded Land,4940
Natural Wooded Land,4941
Natural Wooded Land,4942
Natural Wooded Land,4943
Natural Wooded Land,4944
Shrubs,4946
Shrubs,4949
Shrubs,4950
Shrubs,4951
Built-up,4953
Built-up,4954
Shrubs,4955
Shrubs,4956
Shrubs,4962
Shrubs,4963
Shrubs,4964
Shrubs,4965
Shrubs,4966
Shrubs,4967
Shrubs,4968
Shrubs,4969
Shrubs,4970
Shrubs,4971
Shrubs,4972
Shrubs,4973
Shrubs,4974
Shrubs,4975
Shrubs,4976
Natural Wooded Land,4977
Shrubs,4978
Shrubs,4979
Shrubs,4980
Shrubs,4981
Shrubs,4982
Annual Crops (e.g wheat),4998
"Permanent Crops (e.g., vineyard)",5028
Annual Crops (e.g wheat),5029
"Permanent Crops (e.g., vineyard)",5030
Built-up,5031
Mixed or Not Classified,5032
Built-up,5033
Natural Wooded Land,5034
Shrubs,5035
Shrubs,5036
Natural Wooded Land,5037
Shrubs,5038
Natural Grassland,5039
Mixed or Not Classified,5040
Natural Grassland,5041
"Permanent Crops (e.g., vineyard)",5042
Natural Wooded Land,5053
Shrubs,5054
Annual Crops (e.g wheat),5061
Annual Crops (e.g wheat),5062
Natural Grassland,5063
Natural Grassland,5064
Natural Grassland,5065
Natural Wooded Land,5092
"Consolidated Barren (rocks, salt pans)",5094
Shrubs,5095
Mixed or Not Classified,5096
Natural Wooded Land,5097
Unconsolidated Barren,5098
Natural Wooded Land,5099
Shrubs,5113
Shrubs,5114
Shrubs,5135
Unconsolidated Barren,5141
Mixed or Not Classified,5149
Shrubs,5154
Shrubs,5155
Shrubs,5161
Shrubs,5166
Shrubs,5168
Shrubs,5170
Shrubs,5175
Shrubs,5177
Shrubs,5195
Shrubs,5224
Shrubs,5227
Shrubs,5240
Shrubs,5251
Shrubs,5276
Shrubs,5283
Natural Grassland,5286
Mixed or Not Classified,5299
Shrubs,5302
Shrubs,5304
Shrubs,5306
Shrubs,5321
Unconsolidated Barren,5348
Shrubs,5349
Shrubs,5358
Natural Wooded Land,5360
Natural Wooded Land,5368
"Consolidated Barren (rocks, salt pans)",5374
Shrubs,5375
Shrubs,5376
Mixed or Not Classified,5377
Mixed or Not Classified,5378
Annual Crops (e.g wheat),5381
Annual Crops (e.g wheat),5387
Planted Forest,5390
Shrubs,5393
Natural Wooded Land,5394
Shrubs,5395
Natural Grassland,5397
Annual Crops (e.g wheat),5406
Annual Crops (e.g wheat),5408
Natural Wooded Land,5409
Natural Wooded Land,5410
Mixed or Not Classified,5411
Natural Wooded Land,5412
Natural Wooded Land,5413
Natural Grassland,5414
Natural Wooded Land,5415
Shrubs,5416
Shrubs,5417
Mixed or Not Classified,5418
Natural Wooded Land,5419
Shrubs,5435
Natural Wooded Land,5443
Shrubs,5445
Annual Crops (e.g wheat),5453
Shrubs,5455
Mixed or Not Classified,5456
Shrubs,5457
Shrubs,5458
Natural Wooded Land,5459
Natural Wooded Land,5460
Natural Wooded Land,5469
Planted Forest,5473
Natural Wooded Land,5474
Shrubs,5475
Shrubs,5476
Planted Forest,5477
Shrubs,5478
Shrubs,5479
Shrubs,5480
Planted Forest,5481
Shrubs,5485
Planted Forest,5487
Shrubs,5488
Shrubs,5490
Mixed or Not Classified,5491
Natural Wooded Land,5493
Natural Wooded Land,5497
Shrubs,5498
Mixed or Not Classified,5499
Natural Grassland,5501
Natural Wooded Land,5502
Shrubs,5504
Shrubs,5506
Natural Wooded Land,5509
Mixed or Not Classified,5510
Shrubs,5512
Natural Wooded Land,5513
Shrubs,5514
Mixed or Not Classified,5515
Mixed or Not Classified,5519
Mixed or Not Classified,5525
Shrubs,5527
Natural Wooded Land,5528
Annual Crops (e.g wheat),5562
Annual Crops (e.g wheat),5563
Shrubs,5567
Mixed or Not Classified,5570
Annual Crops (e.g wheat),5575
Mixed or Not Classified,5580
Planted Forest,5586
Planted Forest,5587
Shrubs,5589
Shrubs,5590
Natural Grassland,5594
Shrubs,5597
Planted Forest,5611
Shrubs,5623
Shrubs,5624
Annual Crops (e.g wheat),5627
Natural Grassland,5629
Annual Crops (e.g wheat),5632
Annual Crops (e.g wheat),5633
Natural Grassland,5634
Natural Wooded Land,5638
Shrubs,5639
Mixed or Not Classified,5640
Shrubs,5641
Shrubs,5642
Annual Crops (e.g wheat),5643
Annual Crops (e.g wheat),5645
Annual Crops (e.g wheat),5647
Planted Forest,5653
Annual Crops (e.g wheat),5655
Annual Crops (e.g wheat),5657
Annual Crops (e.g wheat),5658
Annual Crops (e.g wheat),5660
Shrubs,5669
Shrubs,5670
Shrubs,5671
Built-up,5678
Built-up,5679
Shrubs,5680
Shrubs,5681
Natural Wooded Land,5682
Natural Wooded Land,5683
Planted Forest,5684
Planted Forest,5687
Annual Crops (e.g wheat),5689
Natural Grassland,5691
Annual Crops (e.g wheat),5693
Mixed or Not Classified,5695
Built-up,5696
Built-up,5697
Built-up,5698
Built-up,5699
Built-up,5700
Built-up,5701
Mixed or Not Classified,5702
"Permanent Crops (e.g., vineyard)",5703
"Permanent Crops (e.g., vineyard)",5704
Annual Crops (e.g wheat),5706
Planted Forest,5711
Natural Wooded Land,5718
Planted Forest,5719
Shrubs,5720
Natural Wooded Land,5721
Natural Wooded Land,5722
Mixed or Not Classified,5723
Built-up,5724
Built-up,5725
Built-up,5728
Built-up,5729
Waterbodies,5738
Built-up,5740
Built-up,5741
Mixed or Not Classified,5743
Natural Wooded Land,5744
Mixed or Not Classified,5745
Natural Grassland,5757
Shrubs,5758
Annual Crops (e.g wheat),5764
Planted Forest,5771
Mixed or Not Classified,5772
Built-up,5773
Built-up,5774
Built-up,5777
Mixed or Not Classified,5778
Natural Wooded Land,5779
Mixed or Not Classified,5786
Natural Wooded Land,5787
Annual Crops (e.g wheat),5788
Annual Crops (e.g wheat),5789
Natural Wooded Land,5790
Natural Wooded Land,5791
Natural Wooded Land,5797
Natural Wooded Land,5802
Natural Wooded Land,5841
Natural Wooded Land,5866
Built-up,5879
Built-up,5880
Built-up,5881
Built-up,5882
Mixed or Not Classified,5885
"Permanent Crops (e.g., vineyard)",5886
"Permanent Crops (e.g., vineyard)",5887
Built-up,5888
Built-up,5889
Natural Wooded Land,5900
Built-up,5902
Built-up,5903
Built-up,5916
Mixed or Not Classified,5917
Shrubs,5918
Planted Forest,5919
Shrubs,5926
Shrubs,5928
Shrubs,5929
Shrubs,5930
Planted Forest,5931
Shrubs,5932
Shrubs,5933
Shrubs,5934
Natural Wooded Land,5935
Natural Grassland,5936
Natural Wooded Land,5937
Shrubs,5938
Shrubs,5939
Shrubs,5940
Shrubs,5941
Shrubs,5943
Natural Wooded Land,5953
Natural Wooded Land,5956
Natural Wooded Land,5957
Shrubs,5966
Built-up,5991
Natural Wooded Land,5992
Natural Wooded Land,5993
Natural Wooded Land,5994
Natural Wooded Land,5995
Natural Wooded Land,5996
Shrubs,5997
Natural Wooded Land,5998
Planted Forest,5999
Planted Forest,6000
Mixed or Not Classified,6001
Natural Wooded Land,6002
Mixed or Not Classified,6003
Mixed or Not Classified,6004
Planted Forest,6005
Built-up,6007
Built-up,6008
Natural Grassland,6009
"Permanent Crops (e.g., vineyard)",6011
"Permanent Crops (e.g., vineyard)",6012
Natural Wooded Land,6022
Natural Wooded Land,6023
Natural Wooded Land,6024
Mixed or Not Classified,6029
Natural Wooded Land,6031
Natural Wooded Land,6032
Shrubs,6033
Natural Wooded Land,6034
Natural Wooded Land,6035
Shrubs,6036
Waterbodies,6041
Mixed or Not Classified,6042
Built-up,6043
"Permanent Crops (e.g., vineyard)",6044
"Permanent Crops (e.g., vineyard)",6045
"Permanent Crops (e.g., vineyard)",6046
Annual Crops (e.g wheat),6047
Annual Crops (e.g wheat),6050
Shrubs,6051
Natural Grassland,6052
Built-up,6058
Shrubs,6066
Shrubs,6104
Shrubs,6110
Mixed or Not Classified,6116
Shrubs,6163
Shrubs,6165
Natural Grassland,6192
Shrubs,6201
Mixed or Not Classified,6223
Mixed or Not Classified,6225
Mixed or Not Classified,6231
"Consolidated Barren (rocks, salt pans)",6250
Shrubs,6259
Shrubs,6285
Shrubs,6303
Planted Forest,6352
Shrubs,6356
Mixed or Not Classified,6362
Built-up,6368
Built-up,6369
"Permanent Crops (e.g., vineyard)",6371
"Permanent Crops (e.g., vineyard)",6372
Built-up,6383
Built-up,6384
Shrubs,6385
Planted Forest,6386
Planted Forest,6387
Shrubs,6388
Shrubs,6389
Shrubs,6390
Natural Wooded Land,6391
Shrubs,6401
Shrubs,6402
Natural Wooded Land,6414
Natural Wooded Land,6415
Natural Wooded Land,6417
Planted Forest,6460
Shrubs,6462
Natural Wooded Land,6475
Natural Wooded Land,6495
Mixed or Not Classified,6503
Natural Wooded Land,6530
Natural Wooded Land,6551
Natural Wooded Land,6556
Natural Wooded Land,6592
Natural Grassland,6602
Natural Wooded Land,6623
Natural Wooded Land,6625
Shrubs,6636
Natural Wooded Land,6651
Shrubs,6664
Shrubs,6674
Shrubs,6677
Shrubs,6685
Mixed or Not Classified,6694
Natural Wooded Land,6702
Natural Wooded Land,6704
Natural Wooded Land,6709
Shrubs,6715
Mixed or Not Classified,6741
Natural Wooded Land,6746
Natural Grassland,6757
Mixed or Not Classified,6761
Natural Wooded Land,6794
Natural Wooded Land,6824
Natural Grassland,6827
Natural Wooded Land,6857
Shrubs,6875
Shrubs,6888
Shrubs,6899
Shrubs,6904
Mixed or Not Classified,6921
Natural Wooded Land,6932
Shrubs,6947
Natural Grassland,6952
Natural Grassland,6973
Shrubs,6979
Natural Wooded Land,6984
Natural Wooded Land,6994
Natural Grassland,7011
Natural Grassland,7013
Natural Wooded Land,7022
Shrubs,7044
Mixed or Not Classified,7068
"Consolidated Barren (rocks, salt pans)",7080
"Consolidated Barren (rocks, salt pans)",7081
"Consolidated Barren (rocks, salt pans)",7082
"Consolidated Barren (rocks, salt pans)",7083
"Consolidated Barren (rocks, salt pans)",7084
"Consolidated Barren (rocks, salt pans)",7085
Shrubs,7086
Natural Wooded Land,7087
Mixed or Not Classified,7088
Mixed or Not Classified,7089
Natural Grassland,7090
Natural Wooded Land,7091
"Consolidated Barren (rocks, salt pans)",7092
"Consolidated Barren (rocks, salt pans)",7093
"Consolidated Barren (rocks, salt pans)",7094
"Consolidated Barren (rocks, salt pans)",7095
Mixed or Not Classified,7096
Mixed or Not Classified,7097
Shrubs,7098
Shrubs,7099
"Consolidated Barren (rocks, salt pans)",7100
Natural Grassland,7101
"Consolidated Barren (rocks, salt pans)",7102
"Consolidated Barren (rocks, salt pans)",7103
Shrubs,7104
Shrubs,7105
"Consolidated Barren (rocks, salt pans)",7106
"Permanent Crops (e.g., vineyard)",7111
"Permanent Crops (e.g., vineyard)",7112
Shrubs,7113
Natural Wooded Land,7114
Natural Wooded Land,7115
Natural Wooded Land,7116
Natural Wooded Land,7117
Natural Grassland,7118
Built-up,7120
Built-up,7121
Waterbodies,7127
Waterbodies,7135
Waterbodies,7136
Waterbodies,7140
Waterbodies,7183
Waterbodies,7220
Waterbodies,7227
Waterbodies,7238
Waterbodies,7269
Waterbodies,7278
Waterbodies,7280
Waterbodies,7292
Natural Wooded Land,7301
Planted Forest,7303
Annual Crops (e.g wheat),7308
Annual Crops (e.g wheat),7310
Annual Crops (e.g wheat),7311
Annual Crops (e.g wheat),7326
Annual Crops (e.g wheat),7327
Annual Crops (e.g wheat),7328
Shrubs,7340
Shrubs,7341
Unconsolidated Barren,7342
Shrubs,7343
Built-up,7344
Built-up,7345
Built-up,7346
Built-up,7347
Annual Crops (e.g wheat),7349
Built-up,7355
Built-up,7356
Waterbodies,7367
Waterbodies,7391
Waterbodies,7400
Waterbodies,7406
Annual Crops (e.g wheat),7410
Unconsolidated Barren,7412
Mixed or Not Classified,7413
Wetlands,7414
Wetlands,7415
"Consolidated Barren (rocks, salt pans)",7416
Natural Grassland,7424
Waterbodies,7436
Waterbodies,7438
Waterbodies,7439
Waterbodies,7440
Waterbodies,7470
Waterbodies,7493
Waterbodies,7496
Waterbodies,7510
Waterbodies,7521
Waterbodies,7524
Waterbodies,7567
Waterbodies,7575
Waterbodies,7600
Annual Crops (e.g wheat),7646
Annual Crops (e.g wheat),7647
Shrubs,7649
Shrubs,7650
Annual Crops (e.g wheat),7651
Natural Grassland,7652
Shrubs,7653
Shrubs,7654
Shrubs,7655
Natural Grassland,7656
Shrubs,7657
Annual Crops (e.g wheat),7658
"Permanent Crops (e.g., vineyard)",7670
"Permanent Crops (e.g., vineyard)",7671
"Permanent Crops (e.g., vineyard)",7672
Annual Crops (e.g wheat),7674
Annual Crops (e.g wheat),7681
Annual Crops (e.g wheat),7688
Mixed or Not Classified,7689
Natural Grassland,7692
Natural Grassland,7701
Natural Grassland,7708
Natural Grassland,7711
Natural Grassland,7742
Annual Crops (e.g wheat),7760
Annual Crops (e.g wheat),7761
Shrubs,7779
"Consolidated Barren (rocks, salt pans)",7789
Annual Crops (e.g wheat),7798
Annual Crops (e.g wheat),7806
Annual Crops (e.g wheat),7810
Annual Crops (e.g wheat),7812
Annual Crops (e.g wheat),7820
Annual Crops (e.g wheat),7827
Annual Crops (e.g wheat),7835
Annual Crops (e.g wheat),7854
Annual Crops (e.g wheat),7874
Natural Grassland,7881
Natural Wooded Land,7882
Mixed or Not Classified,7883
Shrubs,7884
Shrubs,7886
Shrubs,7915
Shrubs,7921
Annual Crops (e.g wheat),7923
Annual Crops (e.g wheat),7932
Natural Grassland,7947
"Permanent Crops (e.g., vineyard)",7954
"Permanent Crops (e.g., vineyard)",7955
Built-up,7958
Built-up,7961
Built-up,7964
Built-up,7966
Built-up,7968
Built-up,7971
Natural Wooded Land,7974
Annual Crops (e.g wheat),7978
Natural Wooded Land,7979
Natural Wooded Land,7980
Natural Wooded Land,7981
Planted Forest,7982
"Consolidated Barren (rocks, salt pans)",7983
Natural Grassland,7984
Waterbodies,7987
"Consolidated Barren (rocks, salt pans)",8005
"Consolidated Barren (rocks, salt pans)",8018
Shrubs,8084
Mixed or Not Classified,8095
Natural Wooded Land,8096
Natural Wooded Land,8097
Natural Wooded Land,8098
"Permanent Crops (e.g., vineyard)",8101
"Permanent Crops (e.g., vineyard)",8102
Waterbodies,8103
Waterbodies,8105
Waterbodies,8118
Waterbodies,8123
Waterbodies,8125
Waterbodies,8129
Waterbodies,8130
Waterbodies,8134
Waterbodies,8136
Waterbodies,8137
Waterbodies,8139
Unconsolidated Barren,8141
Waterbodies,8142
Built-up,8147
Built-up,8148
Built-up,8149
Annual Crops (e.g wheat),8150
Annual Crops (e.g wheat),8151
"Permanent Crops (e.g., vineyard)",8152
"Permanent Crops (e.g., vineyard)",8153
Mixed or Not Classified,8154
Mixed or Not Classified,8155
Shrubs,8156
Shrubs,8161
Shrubs,8162
Annual Crops (e.g wheat),8166
Annual Crops (e.g wheat),8175
"Consolidated Barren (rocks, salt pans)",8185
"Consolidated Barren (rocks, salt pans)",8186
"Consolidated Barren (rocks, salt pans)",8187
Mixed or Not Classified,8188
Planted Forest,8191
Built-up,8195
Built-up,8201
Built-up,8202
Mixed or Not Classified,8206
Built-up,8212
Built-up,8214
Waterbodies,8220
Shrubs,8222
Planted Forest,8227
Shrubs,8228
Annual Crops (e.g wheat),8230
Natural Wooded Land,8232
Mixed or Not Classified,8233
Natural Wooded Land,8234
Unconsolidated Barren,8235
Built-up,8236
Natural Grassland,8237
Mixed or Not Classified,8248
Shrubs,8249
"Consolidated Barren (rocks, salt pans)",8251
Natural Wooded Land,8252
"Consolidated Barren (rocks, salt pans)",8253
Built-up,8264
Built-up,8265
Built-up,8270
Built-up,8271
Waterbodies,8273
Built-up,8276
Built-up,8277
Built-up,8278
Built-up,8280
Built-up,8281
Built-up,8282
Built-up,8283
Built-up,8285
Built-up,8286
Built-up,8288
Built-up,8289
Built-up,8290
Built-up,8292
Mixed or Not Classified,8301
Shrubs,8302
Shrubs,8303
"Consolidated Barren (rocks, salt pans)",8304
"Consolidated Barren (rocks, salt pans)",8305
"Consolidated Barren (rocks, salt pans)",8306
Annual Crops (e.g wheat),8318
Annual Crops (e.g wheat),8345
Annual Crops (e.g wheat),8346
Annual Crops (e.g wheat),8348
Natural Grassland,8353
Annual Crops (e.g wheat),8354
Annual Crops (e.g wheat),8356
Annual Crops (e.g wheat),8363
Mixed or Not Classified,8376
Mixed or Not Classified,8377
Annual Crops (e.g wheat),8378
Annual Crops (e.g wheat),8381
Annual Crops (e.g wheat),8386
Annual Crops (e.g wheat),8388
Annual Crops (e.g wheat),8391
Annual Crops (e.g wheat),8398
Annual Crops (e.g wheat),8399
"Consolidated Barren (rocks, salt pans)",8404
"Consolidated Barren (rocks, salt pans)",8405
"Permanent Crops (e.g., vineyard)",8406
"Permanent Crops (e.g., vineyard)",8407
Annual Crops (e.g wheat),8411
Annual Crops (e.g wheat),8421
Annual Crops (e.g wheat),8424
Annual Crops (e.g wheat),8427
Annual Crops (e.g wheat),8430
Annual Crops (e.g wheat),8432
Annual Crops (e.g wheat),8440
Mixed or Not Classified,8450
Mixed or Not Classified,8451
Annual Crops (e.g wheat),8456
Annual Crops (e.g wheat),8457
Planted Forest,8460
Shrubs,8461
Annual Crops (e.g wheat),8464
Annual Crops (e.g wheat),8466
Annual Crops (e.g wheat),8467
Annual Crops (e.g wheat),8471
Annual Crops (e.g wheat),8473
Annual Crops (e.g wheat),8478
Annual Crops (e.g wheat),8479
Shrubs,8483
Annual Crops (e.g wheat),8487
Annual Crops (e.g wheat),8490
Annual Crops (e.g wheat),8491
Annual Crops (e.g wheat),8492
Annual Crops (e.g wheat),8493
"Permanent Crops (e.g., vineyard)",8495
"Permanent Crops (e.g., vineyard)",8496
"Permanent Crops (e.g., vineyard)",8497
Annual Crops (e.g wheat),8500
Annual Crops (e.g wheat),8503
Natural Grassland,8506
Unconsolidated Barren,8507
Natural Grassland,8508
Annual Crops (e.g wheat),8517
Annual Crops (e.g wheat),8518
Natural Grassland,8520
Annual Crops (e.g wheat),8521
Annual Crops (e.g wheat),8522
Annual Crops (e.g wheat),8523
Annual Crops (e.g wheat),8524
Annual Crops (e.g wheat),8527
Annual Crops (e.g wheat),8528
Shrubs,8534
Natural Wooded Land,8535
Built-up,8538
Built-up,8539
Built-up,8540
Waterbodies,8541
Waterbodies,8543
Waterbodies,8551
Waterbodies,8552
Waterbodies,8559
Waterbodies,8562
Waterbodies,8568
Waterbodies,8571
Waterbodies,8572
Mixed or Not Classified,8574
Waterbodies,8576
Waterbodies,8582
Waterbodies,8586
Waterbodies,8602
Waterbodies,8603
Waterbodies,8605
Waterbodies,8609
Waterbodies,8618
Waterbodies,8626
Waterbodies,8629
Waterbodies,8630
Waterbodies,8635
Waterbodies,8636
Built-up,8637
Built-up,8638
Built-up,8639
Mixed or Not Classified,8640
Shrubs,8641
Natural Wooded Land,8642
Waterbodies,8646
Waterbodies,8649
Waterbodies,8650
Waterbodies,8652
Waterbodies,8653
Shrubs,8659
Shrubs,8663
Mixed or Not Classified,8689
Shrubs,8690
"Consolidated Barren (rocks, salt pans)",8728
Shrubs,8741
"Consolidated Barren (rocks, salt pans)",8764
Shrubs,8766
Shrubs,8773
Mixed or Not Classified,8774
Mixed or Not Classified,8782
"Consolidated Barren (rocks, salt pans)",8783
"Consolidated Barren (rocks, salt pans)",8796
Natural Grassland,8825
Shrubs,8838
Shrubs,8874
Shrubs,8875
"Consolidated Barren (rocks, salt pans)",8888
Shrubs,8908
"Consolidated Barren (rocks, salt pans)",8910
Shrubs,8929
Mixed or Not Classified,8932
Natural Wooded Land,8953
Shrubs,8963
"Consolidated Barren (rocks, salt pans)",8978
Shrubs,9020
Mixed or Not Classified,9034
Mixed or Not Classified,9036
"Consolidated Barren (rocks, salt pans)",9038
Shrubs,9060
"Consolidated Barren (rocks, salt pans)",9066
Shrubs,9100
Shrubs,9105
"Consolidated Barren (rocks, salt pans)",9109
Shrubs,9118
Natural Grassland,9121
Shrubs,9135
"Consolidated Barren (rocks, salt pans)",9177
Mixed or Not Classified,9179
Shrubs,9186
Natural Wooded Land,9191
Shrubs,9213
Shrubs,9224
"Consolidated Barren (rocks, salt pans)",9245
Shrubs,9257
Natural Grassland,9315
"Consolidated Barren (rocks, salt pans)",9320
"Consolidated Barren (rocks, salt pans)",9325
"Consolidated Barren (rocks, salt pans)",9346
Mixed or Not Classified,9347
Shrubs,9349
Shrubs,9350
Shrubs,9352
"Consolidated Barren (rocks, salt pans)",9369
Shrubs,9377
Natural Grassland,9387
"Consolidated Barren (rocks, salt pans)",9390
"Consolidated Barren (rocks, salt pans)",9391
"Consolidated Barren (rocks, salt pans)",9398
"Consolidated Barren (rocks, salt pans)",9410
Natural Grassland,9418
Natural Grassland,9442
Shrubs,9449
"Consolidated Barren (rocks, salt pans)",9456
"Consolidated Barren (rocks, salt pans)",9468
Shrubs,9486
"Consolidated Barren (rocks, salt pans)",9505
Natural Grassland,9510
Natural Wooded Land,9511
Shrubs,9517
Mixed or Not Classified,9525
Built-up,9529
Natural Wooded Land,9530
Mixed or Not Classified,9531
Mixed or Not Classified,9533
Shrubs,9534
"Consolidated Barren (rocks, salt pans)",9536
"Consolidated Barren (rocks, salt pans)",9538
Shrubs,9545
Shrubs,9547
Shrubs,9559
Shrubs,9568
Natural Wooded Land,9569
Shrubs,9572
"Consolidated Barren (rocks, salt pans)",9573
"Consolidated Barren (rocks, salt pans)",9574
"Consolidated Barren (rocks, salt pans)",9576
Natural Wooded Land,9583
Natural Grassland,9590
Natural Grassland,9600
Shrubs,9601
Mixed or Not Classified,9607
Shrubs,9610
Mixed or Not Classified,9616
Shrubs,9619
"Consolidated Barren (rocks, salt pans)",9620
Shrubs,9625
Waterbodies,9649
Waterbodies,9666
Waterbodies,9680
Waterbodies,9699
Waterbodies,9700
Waterbodies,9701
Waterbodies,9710
Waterbodies,9717
Waterbodies,9724
Waterbodies,9750
Waterbodies,9772
Waterbodies,9776
Waterbodies,9804
Waterbodies,9831
Waterbodies,9835
Waterbodies,9893
Waterbodies,9909
Waterbodies,9917
Waterbodies,9928
Waterbodies,9967
Waterbodies,9972
Waterbodies,9996
Waterbodies,10046
Waterbodies,10095
Waterbodies,10104
Waterbodies,10141
Waterbodies,10163
Waterbodies,10171
Waterbodies,10208
Waterbodies,10223
Waterbodies,10240
Waterbodies,10241
Built-up,10244
Built-up,10245
Mixed or Not Classified,10246
Mixed or Not Classified,10263
Shrubs,10267
Shrubs,10288
Shrubs,10290
Shrubs,10350
Natural Wooded Land,10356
Natural Wooded Land,10357
Waterbodies,10358
Waterbodies,10360
Waterbodies,10361
Waterbodies,10362
Waterbodies,10365
Waterbodies,10366
Waterbodies,10368
Waterbodies,10370
Waterbodies,10371
Waterbodies,10372
Waterbodies,10376
Waterbodies,10378
Waterbodies,10380
Waterbodies,10382
Waterbodies,10385
Waterbodies,10386
Waterbodies,10387
Waterbodies,10388
Waterbodies,10390
Waterbodies,10391
Waterbodies,10392
Waterbodies,10393
Waterbodies,10398
Waterbodies,10410
Waterbodies,10426
Waterbodies,10434
Annual Crops (e.g wheat),10438
Annual Crops (e.g wheat),10439
Annual Crops (e.g wheat),10441
Mixed or Not Classified,10445
Shrubs,10457
Natural Wooded Land,10465
Shrubs,10466
Shrubs,10475
Natural Grassland,10494
Natural Wooded Land,10500
Shrubs,10509
Natural Wooded Land,10519
Shrubs,10522
Shrubs,10538
Mixed or Not Classified,10560
Shrubs,10601
Mixed or Not Classified,10615
Shrubs,10617
Shrubs,10621
Shrubs,10625
Natural Grassland,10644
Waterbodies,10653
Waterbodies,10654
Waterbodies,10655
Waterbodies,10658
Shrubs,10660
Natural Wooded Land,10661
Natural Wooded Land,10662
Natural Wooded Land,10663
Waterbodies,10668
Waterbodies,10669
Waterbodies,10672
Waterbodies,10673
Waterbodies,10676
Waterbodies,10680
Waterbodies,10682
Waterbodies,10684
Waterbodies,10687
Waterbodies,10688
Waterbodies,10691
Waterbodies,10693
Waterbodies,10695
Waterbodies,10697
Waterbodies,10699
Waterbodies,10700
Waterbodies,10701
Waterbodies,10703
Waterbodies,10704
Waterbodies,10706
Waterbodies,10707
Waterbodies,10708
Waterbodies,10711
Waterbodies,10712
Unconsolidated Barren,10714
Unconsolidated Barren,10715
Unconsolidated Barren,10716
Unconsolidated Barren,10717
Unconsolidated Barren,10718
Unconsolidated Barren,10719
Unconsolidated Barren,10720
Unconsolidated Barren,10721
Unconsolidated Barren,10722
Unconsolidated Barren,10723
Unconsolidated Barren,10724
Unconsolidated Barren,10725
Unconsolidated Barren,10726
Unconsolidated Barren,10727
"Consolidated Barren (rocks, salt pans)",10751
Shrubs,10754
"Consolidated Barren (rocks, salt pans)",10759
Natural Wooded Land,10775
"Consolidated Barren (rocks, salt pans)",10781
"Consolidated Barren (rocks, salt pans)",10790
Natural Wooded Land,10792
Natural Grassland,10801
"Consolidated Barren (rocks, salt pans)",10834
"Consolidated Barren (rocks, salt pans)",10846
Natural Wooded Land,10871
Natural Wooded Land,10876
Natural Wooded Land,10879
Unconsolidated Barren,10883
Mixed or Not Classified,10884
Shrubs,10890
Natural Wooded Land,10891
Shrubs,10892
Natural Wooded Land,10893
Shrubs,10894
Shrubs,10895
Natural Wooded Land,10896
Shrubs,10897
Natural Wooded Land,10898
Natural Wooded Land,10899
Shrubs,10900
Shrubs,10925
Shrubs,10933
Shrubs,10949
Built-up,10954
Built-up,10955
Shrubs,10962
Annual Crops (e.g wheat),10974
Annual Crops (e.g wheat),10975
Natural Wooded Land,10977
Shrubs,10978
Natural Wooded Land,10979
Natural Wooded Land,10980
Natural Wooded Land,10981
Natural Wooded Land,10982
Shrubs,10983
Annual Crops (e.g wheat),10985
Natural Wooded Land,10987
Natural Wooded Land,10988
Shrubs,10992
Natural Grassland,10999
Annual Crops (e.g wheat),11004
Annual Crops (e.g wheat),11009
Built-up,11029
Built-up,11030
Shrubs,11037
Shrubs,11038
Annual Crops (e.g wheat),11039
Shrubs,11040
Natural Wooded Land,11041
Shrubs,11042
Annual Crops (e.g wheat),11048
Natural Wooded Land,11059
Shrubs,11060
Natural Wooded Land,11061
Natural Wooded Land,11062
Natural Grassland,11063
Annual Crops (e.g wheat),11072
Natural Grassland,11075
Mixed or Not Classified,11079
Built-up,11080
Annual Crops (e.g wheat),11082
Wetlands,11086
Natural Grassland,11087
Shrubs,11088
Annual Crops (e.g wheat),11089
Annual Crops (e.g wheat),11090
Annual Crops (e.g wheat),11102
Natural Grassland,11103
Shrubs,11105
Shrubs,11106
Annual Crops (e.g wheat),11107
Mixed or Not Classified,11121
Shrubs,11122
Annual Crops (e.g wheat),11146
Shrubs,11149
Shrubs,11161
Annual Crops (e.g wheat),11166
Annual Crops (e.g wheat),11187
Natural Grassland,11189
Annual Crops (e.g wheat),11196
Annual Crops (e.g wheat),11197
Annual Crops (e.g wheat),11198
Annual Crops (e.g wheat),11210
Annual Crops (e.g wheat),11212
Annual Crops (e.g wheat),11217
Annual Crops (e.g wheat),11220
Natural Grassland,11222
Annual Crops (e.g wheat),11230
Annual Crops (e.g wheat),11236
Shrubs,11238
Shrubs,11239
Annual Crops (e.g wheat),11241
Wetlands,11252
Mixed or Not Classified,11253
Shrubs,11254
Wetlands,11258
Wetlands,11261
Waterbodies,11269
Waterbodies,11321
Waterbodies,11332
Waterbodies,11339
Waterbodies,11354
Waterbodies,11385
Waterbodies,11404
Waterbodies,11410
Waterbodies,11414
Waterbodies,11416
Waterbodies,11418
Waterbodies,11428
Waterbodies,11430
Waterbodies,11441
Waterbodies,11445
Waterbodies,11459
Waterbodies,11471
Waterbodies,11485
Waterbodies,11489
Waterbodies,11498
Waterbodies,11503
Waterbodies,11508
Waterbodies,11517
Waterbodies,11573
Waterbodies,11579
Waterbodies,11583
Waterbodies,11591
Waterbodies,11600
Waterbodies,11606
Waterbodies,11609
Waterbodies,11610
Waterbodies,11611
Waterbodies,11627
Shrubs,11631
Shrubs,11632
Unconsolidated Barren,11633
Unconsolidated Barren,11634
Unconsolidated Barren,11635
Shrubs,11636
Built-up,11637
Mixed or Not Classified,11638
Built-up,11639
Waterbodies,11658
Waterbodies,11665
Unconsolidated Barren,11682
Unconsolidated Barren,11683
Unconsolidated Barren,11684
Unconsolidated Barren,11685
Shrubs,11698
Shrubs,11704
Natural Grassland,11717
Shrubs,11730
Unconsolidated Barren,11757
Shrubs,11760
Shrubs,11762
Shrubs,11764
Shrubs,11782
Shrubs,11800
Natural Grassland,11812
Shrubs,11816
Shrubs,11828
Natural Wooded Land,11832
Shrubs,11836
Mixed or Not Classified,11846
Mixed or Not Classified,11893
Shrubs,11900
Shrubs,11929
Unconsolidated Barren,11943
Shrubs,11950
Shrubs,11990
Waterbodies,11998
Waterbodies,12008
Waterbodies,12031
Waterbodies,12037
Waterbodies,12048
Waterbodies,12092
Waterbodies,12108
Waterbodies,12116
Waterbodies,12128
Annual Crops (e.g wheat),2408
Annual Crops (e.g wheat),2409
"Permanent Crops (e.g., vineyard)",2829
Shrubs,3408
Shrubs,3469
Shrubs,3470
Shrubs,3473
Shrubs,3476
Shrubs,4013
"Permanent Crops (e.g., vineyard)",5043
Shrubs,5101
Shrubs,5104
Natural Wooded Land,5109
Natural Wooded Land,5115
Natural Wooded Land,5116
Natural Wooded Land,5118
Shrubs,5119
Natural Wooded Land,5120
Natural Wooded Land,5350
Natural Wooded Land,5362
Mixed or Not Classified,5363
Shrubs,5366
Natural Wooded Land,5369
Natural Wooded Land,5370
Shrubs,5372
Natural Wooded Land,5373
Natural Wooded Land,5388
Planted Forest,5389
Planted Forest,5396
Mixed or Not Classified,5400
Planted Forest,5403
Mixed or Not Classified,5405
Planted Forest,5421
Planted Forest,5422
Planted Forest,5464
Natural Wooded Land,5468
Natural Wooded Land,5486
Shrubs,5489
Natural Wooded Land,5500
Natural Wooded Land,5511
Natural Wooded Land,5516
Natural Wooded Land,5524
Natural Wooded Land,5564
Mixed or Not Classified,5566
Natural Wooded Land,5568
Mixed or Not Classified,5577
Planted Forest,5579
Natural Wooded Land,5583
Natural Wooded Land,5585
Natural Wooded Land,5588
Natural Wooded Land,5596
Natural Wooded Land,5599
Natural Wooded Land,5600
Natural Wooded Land,5603
Planted Forest,5613
Natural Wooded Land,5635
Mixed or Not Classified,5664
Natural Wooded Land,5665
Planted Forest,5686
Planted Forest,5707
Planted Forest,5709
Planted Forest,5710
Planted Forest,5713
Natural Wooded Land,5767
Planted Forest,5899
Planted Forest,5944
Planted Forest,5945
Planted Forest,5949
Planted Forest,5950
Mixed or Not Classified,5954
Planted Forest,5960
Planted Forest,5961
Natural Wooded Land,5962
Planted Forest,5963
Planted Forest,5967
Planted Forest,5968
Mixed or Not Classified,5971
Planted Forest,5972
Natural Wooded Land,5974
Planted Forest,5977
Planted Forest,6018
Planted Forest,6020
Shrubs,6021
Planted Forest,6318
Natural Wooded Land,6321
Planted Forest,6322
Planted Forest,6328
Planted Forest,6331
Natural Wooded Land,6333
Planted Forest,6334
Mixed or Not Classified,6336
Mixed or Not Classified,6337
Planted Forest,6338
Mixed or Not Classified,6339
Mixed or Not Classified,6341
Planted Forest,6343
Natural Wooded Land,6345
Shrubs,6349
Natural Wooded Land,6350
Mixed or Not Classified,6354
Planted Forest,6355
Planted Forest,6358
Shrubs,6361
Mixed or Not Classified,7297
Mixed or Not Classified,7298
Natural Wooded Land,7300
Natural Wooded Land,7302
"Permanent Crops (e.g., vineyard)",7985
"Permanent Crops (e.g., vineyard)",7986
Shrubs,8192
Planted Forest,8226
Planted Forest,8458
Unconsolidated Barren,20013
Unconsolidated Barren,20026
Unconsolidated Barren,20034
Natural Wooded Land,20039
Unconsolidated Barren,20056
Unconsolidated Barren,20084
Unconsolidated Barren,20087
Unconsolidated Barren,20090
Unconsolidated Barren,20111
"Permanent Crops (e.g., vineyard)",20168
Unconsolidated Barren,20181
"Permanent Crops (e.g., vineyard)",20197
"Permanent Crops (e.g., vineyard)",20282
Natural Wooded Land,20288
Unconsolidated Barren,20298
Unconsolidated Barren,20322
"Consolidated Barren (rocks, salt pans)",20336
Mixed or Not Classified,20337
"Permanent Crops (e.g., vineyard)",20340
Shrubs,20370
"Consolidated Barren (rocks, salt pans)",20392
"Consolidated Barren (rocks, salt pans)",20417
Shrubs,20426
Wetlands,20433
Wetlands,20434
Mixed or Not Classified,20487
"Consolidated Barren (rocks, salt pans)",20498
Unconsolidated Barren,20530
Unconsolidated Barren,20547
Natural Grassland,20549
Unconsolidated Barren,20552
Unconsolidated Barren,20591
Unconsolidated Barren,20610
"Permanent Crops (e.g., vineyard)",20617
"Permanent Crops (e.g., vineyard)",20620
Unconsolidated Barren,20676
Natural Wooded Land,20706
Natural Grassland,20710
Unconsolidated Barren,20711
Shrubs,20745
Unconsolidated Barren,20752
Unconsolidated Barren,20758
Unconsolidated Barren,20762
Unconsolidated Barren,20768
Shrubs,20782
Natural Wooded Land,20796
Wetlands,20823
Wetlands,20825
Unconsolidated Barren,20828
Unconsolidated Barren,20839
Shrubs,20887
"Permanent Crops (e.g., vineyard)",20896
Natural Grassland,20927
Annual Crops (e.g wheat),20940
Annual Crops (e.g wheat),20944
Mixed or Not Classified,20968
"Permanent Crops (e.g., vineyard)",20971
"Permanent Crops (e.g., vineyard)",21022
Unconsolidated Barren,21025
Unconsolidated Barren,21035
"Permanent Crops (e.g., vineyard)",21036
Unconsolidated Barren,21046
Shrubs,21057
"Permanent Crops (e.g., vineyard)",21059
"Consolidated Barren (rocks, salt pans)",21061
Natural Grassland,21083
Waterbodies,21104
Unconsolidated Barren,21125
"Permanent Crops (e.g., vineyard)",21185
Shrubs,21191
Natural Wooded Land,21201
"Permanent Crops (e.g., vineyard)",21209
Unconsolidated Barren,21217
Natural Wooded Land,21239
Natural Grassland,21246
"Permanent Crops (e.g., vineyard)",21256
Natural Grassland,21271
Natural Grassland,21283
Unconsolidated Barren,21406
Shrubs,21455
"Consolidated Barren (rocks, salt pans)",21469
Mixed or Not Classified,21471
"Consolidated Barren (rocks, salt pans)",21494
Natural Wooded Land,21499
"Consolidated Barren (rocks, salt pans)",21502
"Consolidated Barren (rocks, salt pans)",21515
Mixed or Not Classified,21528
Mixed or Not Classified,21554
Unconsolidated Barren,21572
"Permanent Crops (e.g., vineyard)",21582
Natural Grassland,21589
Natural Grassland,21619
Unconsolidated Barren,21623
Unconsolidated Barren,21639
Unconsolidated Barren,21640
Natural Wooded Land,21668
Unconsolidated Barren,21671
Mixed or Not Classified,21678
"Consolidated Barren (rocks, salt pans)",21686
Unconsolidated Barren,21709
Unconsolidated Barren,21711
Shrubs,21728
Shrubs,21734
Unconsolidated Barren,21738
Shrubs,21748
Unconsolidated Barren,21764
Unconsolidated Barren,21768
Unconsolidated Barren,21775
"Permanent Crops (e.g., vineyard)",21782
Shrubs,21813
Mixed or Not Classified,21823
"Consolidated Barren (rocks, salt pans)",21845
Natural Wooded Land,21867
"Consolidated Barren (rocks, salt pans)",21902
Unconsolidated Barren,21919
Unconsolidated Barren,21925
Unconsolidated Barren,21950
"Permanent Crops (e.g., vineyard)",21964
"Consolidated Barren (rocks, salt pans)",21974
"Permanent Crops (e.g., vineyard)",21983
"Permanent Crops (e.g., vineyard)",21985
Unconsolidated Barren,22012
Mixed or Not Classified,22027
Unconsolidated Barren,22046
Mixed or Not Classified,22094
Shrubs,22126
Mixed or Not Classified,22128
Natural Wooded Land,22159
Shrubs,22187
Shrubs,22189
"Consolidated Barren (rocks, salt pans)",22192
Mixed or Not Classified,22225
Unconsolidated Barren,22234
Unconsolidated Barren,22238
Unconsolidated Barren,22273
Unconsolidated Barren,22296
"Permanent Crops (e.g., vineyard)",22305
Unconsolidated Barren,22315
Unconsolidated Barren,22333
Unconsolidated Barren,22337
"Permanent Crops (e.g., vineyard)",22363
Unconsolidated Barren,22377
Natural Wooded Land,22382
Natural Wooded Land,22415
Unconsolidated Barren,22471
Mixed or Not Classified,22481
Shrubs,22482
Natural Wooded Land,22492
Shrubs,22496
"Consolidated Barren (rocks, salt pans)",22497
Unconsolidated Barren,22503
Shrubs,22508
Shrubs,22512
"Permanent Crops (e.g., vineyard)",22533
Natural Wooded Land,22575
Shrubs,22587
Unconsolidated Barren,22593
Unconsolidated Barren,22606
Unconsolidated Barren,22613
Shrubs,22615
Mixed or Not Classified,22623
Unconsolidated Barren,22628
Unconsolidated Barren,22635
Unconsolidated Barren,22648
Natural Grassland,22649
Unconsolidated Barren,22654
Natural Grassland,22671
Unconsolidated Barren,22688
Unconsolidated Barren,22689
"Consolidated Barren (rocks, salt pans)",22696
"Consolidated Barren (rocks, salt pans)",22761
Shrubs,22769
Unconsolidated Barren,22795
"Consolidated Barren (rocks, salt pans)",22807
Shrubs,22813
Unconsolidated Barren,22833
Shrubs,22836
"Consolidated Barren (rocks, salt pans)",22851
"Consolidated Barren (rocks, salt pans)",22872
"Consolidated Barren (rocks, salt pans)",22902
Unconsolidated Barren,22917
Shrubs,22919
"Consolidated Barren (rocks, salt pans)",22931
Shrubs,22935
Mixed or Not Classified,22952
"Consolidated Barren (rocks, salt pans)",22955
"Consolidated Barren (rocks, salt pans)",22960
Shrubs,22972
"Consolidated Barren (rocks, salt pans)",22982
Unconsolidated Barren,23015
Unconsolidated Barren,23033
Shrubs,23035
"Consolidated Barren (rocks, salt pans)",23037
"Consolidated Barren (rocks, salt pans)",23038
Shrubs,23044
Shrubs,23045
Unconsolidated Barren,23086
Shrubs,23095
"Consolidated Barren (rocks, salt pans)",23101
Unconsolidated Barren,23103
Shrubs,23139
"Permanent Crops (e.g., vineyard)",23166
Shrubs,23172
Mixed or Not Classified,23173
Shrubs,23176
Shrubs,23180
Shrubs,23235
"Permanent Crops (e.g., vineyard)",23252
Unconsolidated Barren,23278
Natural Grassland,23285
Shrubs,23337
Shrubs,23338
Unconsolidated Barren,23341
Wetlands,23356
Natural Wooded Land,23396
"Consolidated Barren (rocks, salt pans)",23415
"Permanent Crops (e.g., vineyard)",23444
"Permanent Crops (e.g., vineyard)",23458
Unconsolidated Barren,23472
Shrubs,23473
Shrubs,23489
Shrubs,23515
"Permanent Crops (e.g., vineyard)",23525
"Permanent Crops (e.g., vineyard)",23530
"Permanent Crops (e.g., vineyard)",23608
"Permanent Crops (e.g., vineyard)",23609
"Permanent Crops (e.g., vineyard)",23623
Unconsolidated Barren,23627
"Permanent Crops (e.g., vineyard)",23699
"Permanent Crops (e.g., vineyard)",23715
"Permanent Crops (e.g., vineyard)",23724
"Permanent Crops (e.g., vineyard)",23771
Unconsolidated Barren,23794
"Permanent Crops (e.g., vineyard)",23849
Shrubs,23862
Unconsolidated Barren,23918
"Permanent Crops (e.g., vineyard)",23921
Unconsolidated Barren,23927
"Consolidated Barren (rocks, salt pans)",23950
Unconsolidated Barren,23974
Shrubs,23976
Unconsolidated Barren,23995
"Permanent Crops (e.g., vineyard)",24036
"Permanent Crops (e.g., vineyard)",24041
"Permanent Crops (e.g., vineyard)",24060
"Permanent Crops (e.g., vineyard)",24067
Shrubs,24071
"Permanent Crops (e.g., vineyard)",24084
"Permanent Crops (e.g., vineyard)",24115
Natural Wooded Land,24126
"Permanent Crops (e.g., vineyard)",24160
"Permanent Crops (e.g., vineyard)",24178
Natural Wooded Land,24190
"Consolidated Barren (rocks, salt pans)",24224
Shrubs,24244
Unconsolidated Barren,24246
"Consolidated Barren (rocks, salt pans)",24262
"Permanent Crops (e.g., vineyard)",24296
"Consolidated Barren (rocks, salt pans)",24336
"Permanent Crops (e.g., vineyard)",24352
Natural Wooded Land,24370
Annual Crops (e.g wheat),24385
Planted Forest,24408
Natural Grassland,24427
Unconsolidated Barren,24436
Mixed or Not Classified,24438
Unconsolidated Barren,24440
Planted Forest,24444
Natural Wooded Land,24447
Shrubs,24462
Shrubs,24490
Mixed or Not Classified,24506
Natural Grassland,24533
Wetlands,24543
"Consolidated Barren (rocks, salt pans)",24590
Natural Wooded Land,24662
"Consolidated Barren (rocks, salt pans)",24700
Natural Grassland,24704
Natural Wooded Land,24736
Natural Wooded Land,24738
"Permanent Crops (e.g., vineyard)",24743
Shrubs,24744
Shrubs,24759
Natural Wooded Land,24761
Natural Wooded Land,24770
"Permanent Crops (e.g., vineyard)",24799
Shrubs,24816
"Permanent Crops (e.g., vineyard)",24819
Shrubs,24837
Shrubs,24848
"Permanent Crops (e.g., vineyard)",24856
"Permanent Crops (e.g., vineyard)",24857
"Permanent Crops (e.g., vineyard)",24879
"Permanent Crops (e.g., vineyard)",24903
"Permanent Crops (e.g., vineyard)",24930
"Permanent Crops (e.g., vineyard)",24950
Natural Grassland,24952
Mixed or Not Classified,24969
Natural Grassland,24970
Planted Forest,24995
Natural Grassland,24997
Shrubs,24998
Natural Grassland,25016
Shrubs,25032
Natural Wooded Land,25044
Natural Wooded Land,25045
Natural Grassland,25053
Shrubs,25054
Shrubs,25055
"Permanent Crops (e.g., vineyard)",25059
Natural Wooded Land,25094
Shrubs,25142
Shrubs,25164
Natural Wooded Land,25182
Natural Wooded Land,25215
Natural Grassland,25228
"Permanent Crops (e.g., vineyard)",25249
Shrubs,25250
"Permanent Crops (e.g., vineyard)",25251
Natural Wooded Land,25267
"Consolidated Barren (rocks, salt pans)",25278
Shrubs,25292
Natural Grassland,25301
Natural Wooded Land,25345
Planted Forest,25383
Planted Forest,25412
Shrubs,25470
Shrubs,25476
Shrubs,25477
Natural Wooded Land,25483
"Consolidated Barren (rocks, salt pans)",25510
Planted Forest,25547
Natural Wooded Land,25592
Planted Forest,25616
Natural Wooded Land,25684
Natural Grassland,25690
Planted Forest,25705
Shrubs,25716
Unconsolidated Barren,25731
Natural Wooded Land,25733
"Permanent Crops (e.g., vineyard)",25740
Mixed or Not Classified,25752
Natural Grassland,25755
"Permanent Crops (e.g., vineyard)",25774
Planted Forest,25777
"Permanent Crops (e.g., vineyard)",25788
"Permanent Crops (e.g., vineyard)",25789
Shrubs,25848
Natural Wooded Land,25870
Natural Wooded Land,25896
Shrubs,25905
Natural Wooded Land,25946
"Permanent Crops (e.g., vineyard)",25975
Natural Wooded Land,25982
Shrubs,25991
Natural Wooded Land,26032
Natural Grassland,26095
Shrubs,26100
Shrubs,26142
Natural Wooded Land,26167
"Permanent Crops (e.g., vineyard)",26197
"Permanent Crops (e.g., vineyard)",26202
"Permanent Crops (e.g., vineyard)",26213
Natural Wooded Land,26250
"Permanent Crops (e.g., vineyard)",26263
"Permanent Crops (e.g., vineyard)",26270
"Permanent Crops (e.g., vineyard)",26272
"Permanent Crops (e.g., vineyard)",26336
Natural Wooded Land,26347
Natural Grassland,26353
Shrubs,26404
Unconsolidated Barren,26416
Unconsolidated Barren,26430
Natural Wooded Land,26438
Planted Forest,26440
Unconsolidated Barren,26467
Shrubs,26492
"Permanent Crops (e.g., vineyard)",26506
"Consolidated Barren (rocks, salt pans)",26540
Shrubs,26544
Natural Wooded Land,26598
"Permanent Crops (e.g., vineyard)",26606
Planted Forest,26618
Shrubs,26631
Natural Wooded Land,26646
Planted Forest,26667
Mixed or Not Classified,26700
Natural Wooded Land,26777
Natural Wooded Land,26807
"Permanent Crops (e.g., vineyard)",26871
Unconsolidated Barren,26874
Mixed or Not Classified,26881
Planted Forest,26922
"Consolidated Barren (rocks, salt pans)",26931
Natural Wooded Land,26934
Natural Wooded Land,26947
Natural Wooded Land,26976
Unconsolidated Barren,26996
"Permanent Crops (e.g., vineyard)",26998
Natural Wooded Land,27047
"Consolidated Barren (rocks, salt pans)",27059
Natural Wooded Land,27063
Wetlands,27079
"Permanent Crops (e.g., vineyard)",27099
Natural Wooded Land,27103
Unconsolidated Barren,27130
Natural Grassland,27138
Natural Wooded Land,27145
"Permanent Crops (e.g., vineyard)",27146
Natural Wooded Land,27155
Natural Wooded Land,27158
"Permanent Crops (e.g., vineyard)",27163
"Permanent Crops (e.g., vineyard)",27178
"Permanent Crops (e.g., vineyard)",27251
"Permanent Crops (e.g., vineyard)",27268
Natural Wooded Land,27305
Natural Wooded Land,27328
Mixed or Not Classified,27331
Planted Forest,27334
Mixed or Not Classified,27368
Shrubs,27387
"Permanent Crops (e.g., vineyard)",27435
Natural Wooded Land,27451
Shrubs,27454
Natural Wooded Land,27463
"Permanent Crops (e.g., vineyard)",27484
Natural Grassland,27489
"Permanent Crops (e.g., vineyard)",27499
Unconsolidated Barren,27505
Wetlands,27534
"Permanent Crops (e.g., vineyard)",27547
Natural Wooded Land,27571
"Consolidated Barren (rocks, salt pans)",27573
"Permanent Crops (e.g., vineyard)",27597
Shrubs,27603
Mixed or Not Classified,27605
Mixed or Not Classified,27625
"Permanent Crops (e.g., vineyard)",27643
Natural Grassland,27666
Unconsolidated Barren,27673
Unconsolidated Barren,27690
Natural Wooded Land,27695
Mixed or Not Classified,27733
Mixed or Not Classified,27738
Unconsolidated Barren,27751
Mixed or Not Classified,27763
Natural Grassland,27775
Natural Wooded Land,27785
"Permanent Crops (e.g., vineyard)",27796
Natural Wooded Land,27801
Unconsolidated Barren,27808
"Permanent Crops (e.g., vineyard)",27811
Natural Wooded Land,27812
Natural Wooded Land,27829
"Permanent Crops (e.g., vineyard)",27860
Natural Wooded Land,27883
"Permanent Crops (e.g., vineyard)",27912
"Permanent Crops (e.g., vineyard)",27922
Natural Wooded Land,27984
"Permanent Crops (e.g., vineyard)",27990
"Permanent Crops (e.g., vineyard)",27994
Mixed or Not Classified,28004
Natural Grassland,28026
Shrubs,28046
Unconsolidated Barren,28057
Natural Wooded Land,28111
Natural Wooded Land,28115
Shrubs,28120
Wetlands,28125
Natural Wooded Land,28183
Shrubs,28184
Natural Wooded Land,28201
"Permanent Crops (e.g., vineyard)",28207
Shrubs,28221
"Permanent Crops (e.g., vineyard)",28276
Natural Wooded Land,28277
Shrubs,28282
Natural Wooded Land,28301
Natural Wooded Land,28310
Shrubs,28317
Mixed or Not Classified,28336
Natural Wooded Land,28340
Natural Wooded Land,28360
Wetlands,28361
Shrubs,28374
Mixed or Not Classified,28378
Natural Wooded Land,28380
Shrubs,28381
Shrubs,28382
Natural Wooded Land,28413
Wetlands,28439
Wetlands,28448
Natural Wooded Land,28452
Shrubs,28460
"Consolidated Barren (rocks, salt pans)",28469
Natural Grassland,28480
Wetlands,28494
"Consolidated Barren (rocks, salt pans)",28496
Shrubs,28497
Natural Wooded Land,28499
